[{"id":1,"name":"Ava Goodridge","salary":40547},
{"id":2,"name":"Rhiamon Mossbee","salary":60018},
{"id":3,"name":"Perry Skurray","salary":53512},
{"id":4,"name":"Adriaens Winsome","salary":46746},
{"id":5,"name":"Ame Szepe","salary":30546},
{"id":6,"name":"Kerstin Harbison","salary":44686},
{"id":7,"name":"Goldina Parkisson","salary":44077},
{"id":8,"name":"Karen Toward","salary":59149},
{"id":9,"name":"Bird Heeps","salary":37350},
{"id":10,"name":"Edin Sparrow","salary":63478},
{"id":11,"name":"Hiram Frake","salary":34132},
{"id":12,"name":"Caryl Killingbeck","salary":59403},
{"id":13,"name":"Kendall Morrel","salary":63167},
{"id":14,"name":"Lilyan Meiklem","salary":30137},
{"id":15,"name":"Selby Emor","salary":62002},
{"id":16,"name":"Dulci Chopin","salary":49922},
{"id":17,"name":"Clemmie Monni","salary":47310},
{"id":18,"name":"Doyle Lindgren","salary":48724},
{"id":19,"name":"Dorie Macek","salary":29179},
{"id":20,"name":"Sydney Doudney","salary":27120},
{"id":21,"name":"Pattie Emanuelov","salary":54377},
{"id":22,"name":"Elle Jessope","salary":33722},
{"id":23,"name":"Sylvia Romaines","salary":52953},
{"id":24,"name":"Tuesday Quinevan","salary":50414},
{"id":25,"name":"Myrtie Ashingden","salary":35063},
{"id":26,"name":"Westley Grice","salary":32242},
{"id":27,"name":"Quinlan Trineman","salary":42701},
{"id":28,"name":"Herold Puddicombe","salary":43425},
{"id":29,"name":"Keri Birtwisle","salary":48978},
{"id":30,"name":"Isaiah Boag","salary":51482},
{"id":31,"name":"Ferdinande Lockhurst","salary":33754},
{"id":32,"name":"Clo Snowball","salary":62312},
{"id":33,"name":"Melva Sprull","salary":31383},
{"id":34,"name":"Killie Lehrahan","salary":27075},
{"id":35,"name":"Erv Stanesby","salary":29057},
{"id":36,"name":"Chaddie Fink","salary":57352},
{"id":37,"name":"Lida Garmon","salary":51728},
{"id":38,"name":"Luigi Gerrey","salary":58790},
{"id":39,"name":"Wayland Godball","salary":26224},
{"id":40,"name":"Dodi Campanelle","salary":29770},
{"id":41,"name":"Barris Yanukhin","salary":38036},
{"id":42,"name":"Candida Comoletti","salary":61101},
{"id":43,"name":"Lolita Cuffe","salary":46303},
{"id":44,"name":"Marlyn Major","salary":32540},
{"id":45,"name":"Wandis Ugolini","salary":31558},
{"id":46,"name":"Connie Dwane","salary":37581},
{"id":47,"name":"Gabriel Tylor","salary":30951},
{"id":48,"name":"Alfonso Bartali","salary":49867},
{"id":49,"name":"Dill Crofts","salary":54247},
{"id":50,"name":"Kilian Blowes","salary":59141},
{"id":51,"name":"Bruis Blampey","salary":38171},
{"id":52,"name":"Mal Antao","salary":45490},
{"id":53,"name":"Alma Kerman","salary":38631},
{"id":54,"name":"Andrey Purnell","salary":26119},
{"id":55,"name":"Mariele Lavrinov","salary":36145},
{"id":56,"name":"Torrence Malthus","salary":48892},
{"id":57,"name":"Alberik Fairholme","salary":47566},
{"id":58,"name":"Jana Kingswood","salary":41507},
{"id":59,"name":"Deane Peaddie","salary":25528},
{"id":60,"name":"Alfie Boughtflower","salary":34427},
{"id":61,"name":"Weylin Godlonton","salary":41565},
{"id":62,"name":"Krisha Praill","salary":30992},
{"id":63,"name":"Donelle Piggens","salary":53827},
{"id":64,"name":"Hamil Bruna","salary":27746},
{"id":65,"name":"Rodney Mostyn","salary":30975},
{"id":66,"name":"Sibylla Lishman","salary":38601},
{"id":67,"name":"Waite Hamshaw","salary":31833},
{"id":68,"name":"Augustin Hekkert","salary":62342},
{"id":69,"name":"Leif Brashier","salary":55429},
{"id":70,"name":"Cecilia Riccardelli","salary":53061},
{"id":71,"name":"Caspar Raggles","salary":43457},
{"id":72,"name":"Durward Andreacci","salary":50476},
{"id":73,"name":"Hermina Malham","salary":38862},
{"id":74,"name":"Morganne Kellen","salary":52556},
{"id":75,"name":"Eadmund Penzer","salary":31141},
{"id":76,"name":"Ninnette Mowat","salary":48070},
{"id":77,"name":"Jehu Hame","salary":25408},
{"id":78,"name":"Vale Pickersail","salary":62562},
{"id":79,"name":"Sax Malkin","salary":55246},
{"id":80,"name":"Anna-diana Beverstock","salary":39217},
{"id":81,"name":"Kareem Sinkins","salary":57711},
{"id":82,"name":"Randene Sagrott","salary":61790},
{"id":83,"name":"Donall Vedeniktov","salary":43599},
{"id":84,"name":"Cordula Atger","salary":35154},
{"id":85,"name":"Gearalt Van Haeften","salary":54673},
{"id":86,"name":"Chanda Chittenden","salary":38189},
{"id":87,"name":"Cirillo Ambroisin","salary":46124},
{"id":88,"name":"Bald Everingham","salary":29978},
{"id":89,"name":"Vitia Smiz","salary":64689},
{"id":90,"name":"Roby Belly","salary":49486},
{"id":91,"name":"Marthe Benam","salary":31259},
{"id":92,"name":"Josias Dudill","salary":60923},
{"id":93,"name":"Prescott O'Downe","salary":36483},
{"id":94,"name":"Glynnis Portsmouth","salary":50797},
{"id":95,"name":"Mitch Domenicone","salary":47848},
{"id":96,"name":"Janella Casolla","salary":43773},
{"id":97,"name":"Janetta Poleykett","salary":36529},
{"id":98,"name":"Kelci Matchett","salary":43154},
{"id":99,"name":"Stoddard Durrant","salary":64948},
{"id":100,"name":"Freddy Tylor","salary":53549}]